split,seed,coverage,source_hidden,inferred_cycle_s,true_cycle_s,abs_error_s,abs_error_pct
tune,1000,1.0,False,69.05244698392853,75.83325372785308,6.780806743924543,8.941732565319159
tune,1000,0.75,False,69.05244698392853,75.83325372785308,6.780806743924543,8.941732565319159
tune,1000,0.5,False,69.05244698392853,75.83325372785308,6.780806743924543,8.941732565319159
tune,1000,0.25,True,72.53037124514036,77.78874713438289,5.258375889242529,6.759815632662773
tune,1003,1.0,False,83.43616113115519,86.34825822119386,2.912097090038671,3.372502410620609
tune,1003,0.75,True,83.1335154585875,83.78239972491333,0.6488842663258367,0.774487563565079
tune,1003,0.5,True,81.99870982287685,84.10529031349522,2.10658049061837,2.5046943929047423
tune,1003,0.25,True,84.21632310135028,86.5973924795752,2.3810693782249217,2.7495855360616304
tune,1006,1.0,False,75.05149060935315,80.88828515573124,5.836794546378087,7.21587129105373
tune,1006,0.75,False,75.05149060935315,80.88828515573124,5.836794546378087,7.21587129105373
tune,1006,0.5,False,72.62000791866595,80.88828515573124,8.268277237065291,10.221847602711174
tune,1006,0.25,False,75.05149060935315,80.88828515573124,5.836794546378087,7.21587129105373
tune,1007,1.0,False,66.01625413732836,75.00620195188586,8.989947814557496,11.985605964056502
tune,1007,0.75,False,66.01625413732836,75.00620195188586,8.989947814557496,11.985605964056502
test,5002,1.0,False,64.0946500032204,66.10909560654504,2.0144456033246456,3.0471534738787263
test,5002,0.75,False,65.8222860494791,67.30599866753911,1.4837126180600109,2.2044285018173095
test,5002,0.5,True,65.24455184818557,66.94918743727119,1.7046355890856262,2.5461632236878216
test,5002,0.25,True,62.32568368532399,66.10909560654504,3.7834119212210524,5.722982422476947
test,5003,1.0,False,70.5759519497568,74.60586225065508,4.02991030089828,5.401600061076829
test,5009,1.0,False,67.6166891792532,68.35337302478449,0.7366838455312887,1.0777578529506833
test,5009,0.75,False,66.73954291593375,68.35337302478449,1.6138301088507347,2.3610101995487045
test,5009,0.5,False,66.73954291593375,68.35337302478449,1.6138301088507347,2.3610101995487045
test,5009,0.25,True,66.73954291593375,68.35337302478449,1.6138301088507347,2.3610101995487045
test,5010,1.0,False,77.09817128315869,82.39134061327599,5.293169330117294,6.424424327505587
test,5010,0.75,True,79.39595509446663,86.03221110288622,6.636256008419593,7.713687609961892
test,5010,0.5,True,79.11052107042293,83.76557294574192,4.655051875318989,5.557237551916751
test,5011,1.0,False,81.96118048424299,83.78748168797567,1.8263012037326831,2.179682652993228
test,5011,0.75,True,81.96118048424299,83.78748168797567,1.8263012037326831,2.179682652993228
test,5018,1.0,False,67.92643825788545,70.19552609385286,2.2690878359674116,3.2325248662337747
test,5018,0.75,True,71.64082580861141,74.36174089566687,2.7209150870554595,3.659025534209904
test,5021,1.0,False,73.06541391931387,76.18713652353438,3.1217226042205084,4.097440521676781
test,5021,0.75,True,79.66294134584557,83.37430149554798,3.711360149702415,4.451443769997394
test,5021,0.5,True,79.18317935277155,82.86394764052662,3.680768287755072,4.441941752187176
test,5022,1.0,False,76.47454449777337,77.89272056532667,1.4181760675533042,1.820678565674074
test,5022,0.75,True,77.60447150550365,78.949276101106,1.3448045956023407,1.7033779940934777
test,5027,1.0,False,70.83820929323896,71.46303355407278,0.6248242608338188,0.8743321263587882
test,5027,0.75,True,70.83820929323896,71.46303355407278,0.6248242608338188,0.8743321263587882
test,5027,0.5,True,70.83820929323896,71.46303355407278,0.6248242608338188,0.8743321263587882
test,5027,0.25,True,66.78793383098382,71.46303355407278,4.675099723088962,6.5419833032298165
test,5030,1.0,False,74.57360459024154,79.09214785005615,4.5185432598146065,5.7130111934511065
test,5031,1.0,False,81.95564126412332,84.68934539223456,2.733704128111242,3.2279197760358462
test,5031,0.75,False,80.4710607836234,83.11196636647506,2.6409055828516586,3.1775274949058634
test,5031,0.5,False,81.95564126412332,84.68934539223456,2.733704128111242,3.2279197760358462
test,5032,1.0,False,70.4633555781397,74.36670596102735,3.903350382887652,5.248787521842427
test,5032,0.75,True,69.24782873412526,74.63523348544831,5.3874047513230465,7.218312986685349
test,5033,1.0,False,78.68468700134447,80.82007085502244,2.135383853677965,2.642145485752522
test,5033,0.75,False,77.919635606805,78.87610524619139,0.9564696393863841,1.2126228043347362
test,5033,0.5,True,70.26039503588109,77.64876307316533,7.388368037284238,9.515113628175214
test,5033,0.25,True,77.72656565017581,79.3002769236583,1.5737112734824876,1.9844965673921744
test,5035,1.0,False,72.75269204602955,74.90746633473827,2.1547742887087225,2.876581459957147
test,5035,0.75,True,69.42570537466624,74.94911081033204,5.523405435665808,7.369540980470689
test,5035,0.5,True,69.42570537466624,74.94911081033204,5.523405435665808,7.369540980470689
test,5036,1.0,False,71.75552234311424,75.05850789517032,3.302985552056086,4.400547845514283
test,5036,0.75,False,71.70474698616648,75.05850789517032,3.3537609090038387,4.46819554911461
test,5036,0.5,False,71.70474698616648,75.05850789517032,3.3537609090038387,4.46819554911461
test,5039,1.0,False,95.00279924330243,97.97649989989411,2.9737006565916744,3.035116236679208
test,5039,0.75,False,95.00279924330243,97.97649989989411,2.9737006565916744,3.035116236679208
test,5039,0.5,True,90.21556524811749,94.07866646540835,3.863101217290861,4.106245722255512
test,5039,0.25,True,89.71463541122817,93.25046536819289,3.5358299569647187,3.7917558298542997
test,5041,1.0,False,74.97103939811059,77.14518586721583,2.1741464691052386,2.8182529404329033
test,5041,0.75,True,76.08796276184488,77.10235972774088,1.0143969658959975,1.315649701874202
test,5041,0.5,True,74.97103939811059,77.14518586721583,2.1741464691052386,2.8182529404329033
test,5042,1.0,False,70.35587550990554,72.70199575251112,2.346120242605579,3.227036917380008
test,5042,0.75,False,69.89020546525813,71.3751085779983,1.4849031127401702,2.080421511537845
test,5042,0.5,True,69.35196087666846,70.89159726242409,1.5396363857556281,2.171817881400323
test,5043,1.0,False,74.91547450709817,75.88632255755485,0.9708480504566808,1.2793452334185196
test,5043,0.75,False,75.08529052169712,76.88659502187379,1.8013045001766699,2.3428069609067865
test,5043,0.5,False,73.48690075985529,75.88632255755485,2.39942179769956,3.1618633198093824
test,5043,0.25,False,73.75236613825642,76.88659502187379,3.134228883617368,4.0764308560233395
test,5046,1.0,False,76.57690728794745,78.87982015105351,2.3029128631060587,2.9195209353875553
test,5046,0.75,True,76.7059486448435,82.90654517037864,6.200596525535133,7.479019313604833
test,5046,0.5,True,76.88621838379865,82.52094889145276,5.634730507654112,6.828242504901369
test,5048,0.75,False,61.46635434720956,68.23749138913354,6.7711370419239785,9.92289854753108
test,5051,1.0,False,72.73679969304285,73.03191847441589,0.29511878137303427,0.4040956167356038
test,5051,0.75,True,72.13799942110806,73.25357744841669,1.1155780273086293,1.5228990394280622
test,5051,0.5,True,72.13799942110806,73.25357744841669,1.1155780273086293,1.5228990394280622
test,5051,0.25,True,70.4742853487786,75.08432718780709,4.610041839028497,6.1398190696941075
test,5053,1.0,False,69.25939806249808,72.50506801387348,3.2456699513754046,4.4764732180574764
test,5053,0.75,True,71.06559315325818,73.71164909659706,2.6460559433388795,3.5897391738872875
test,5053,0.5,True,69.25939806249808,72.50506801387348,3.2456699513754046,4.4764732180574764
test,5054,1.0,False,70.19741003334833,71.71362523972479,1.516215206376458,2.1142637836367126
test,5055,0.75,False,64.00629939603047,67.21247003078288,3.206170634752411,4.770202067092617
test,5056,1.0,False,79.59677413234166,82.17269105364122,2.5759169212995516,3.134760330068816
test,5056,0.75,True,76.16710935322044,80.3185537463337,4.151444393113266,5.168724036322388
test,5056,0.5,True,76.9408649776,81.84483380347045,4.90396882587045,5.991787872214493
test,5058,1.0,False,72.21919792028542,76.50272035194094,4.283522431655513,5.599176620059676
test,5058,0.75,True,73.91682472087899,75.15418577717243,1.2373610562934374,1.6464299938823599
test,5066,1.0,False,68.63019430390801,74.02923797907387,5.399043675165856,7.293123396315418
test,5066,0.75,False,68.63019430390801,74.02923797907387,5.399043675165856,7.293123396315418
test,5066,0.5,False,68.82286058286215,74.02923797907387,5.206377396211721,7.032866389470912
test,5071,1.0,False,71.91493422169103,78.17343033580626,6.258496114115232,8.005912094724357
test,5073,1.0,False,75.3286624130531,76.90871681986273,1.5800544068096372,2.0544542571298843
test,5073,0.75,True,74.58548900359068,76.40305722825572,1.8175682246650382,2.378920805793171
test,5079,1.0,False,66.96991160712739,72.634185354416,5.664273747288618,7.798357921480072
test,5079,0.75,False,65.71587540485004,69.68522269318211,3.9693472883320737,5.696110502234828
test,5088,1.0,False,83.42713911134682,84.62031964239232,1.193180531045499,1.4100402079404937
test,5088,0.75,True,83.42713911134682,84.62031964239232,1.193180531045499,1.4100402079404937
test,5088,0.5,True,83.42713911134682,84.62031964239232,1.193180531045499,1.4100402079404937
test,5088,0.25,True,85.0270722464183,88.44988145372197,3.422809207303672,3.8697725209439953
test,5089,1.0,False,67.95870423885839,70.64914367373915,2.6904394348807585,3.8081699154137327
test,5089,0.75,True,67.90604884570881,70.00681551623983,2.1007666705310157,3.000803071871896
test,5090,1.0,False,72.84379002489125,73.4767405569497,0.6329505320584445,0.8614297902447958
test,5096,1.0,False,76.35247119467289,77.74415302055921,1.391681825886323,1.7900790886721694
test,5096,0.75,False,76.35247119467289,77.74415302055921,1.391681825886323,1.7900790886721694
test,5096,0.5,False,74.48834177675963,77.74415302055921,3.2558112437995845,4.187853513483637
test,5096,0.25,True,75.53555863394698,78.4947859343749,2.9592273004279264,3.769966712059029
test,5097,1.0,False,85.54461710749116,87.91691506893093,2.37229796143977,2.698340768189806
test,5097,0.75,False,85.54461710749116,87.91691506893093,2.37229796143977,2.698340768189806
test,5097,0.5,False,82.74632081049349,87.91691506893093,5.170594258437447,5.88122803715697
test,5101,1.0,False,69.62022509832313,71.48112822440653,1.8609031260834001,2.603348845084419
test,5101,0.75,False,69.62022509832313,71.48112822440653,1.8609031260834001,2.603348845084419
test,5101,0.5,False,69.27077068120174,71.26520532502059,1.994434643818849,2.7986092718358035
test,5103,1.0,False,87.1730037177132,90.94922182996537,3.7762181122521667,4.152007060942222
test,5103,0.75,False,87.1730037177132,90.94922182996537,3.7762181122521667,4.152007060942222
test,5103,0.5,True,87.1730037177132,90.94922182996537,3.7762181122521667,4.152007060942222
test,5103,0.25,False,80.6925629056898,90.94922182996537,10.25665892427557,11.277346543383258
test,5104,1.0,False,80.14886779584437,82.04921889804281,1.9003511021984423,2.316111143678143
test,5104,0.75,False,76.94990822840386,82.04921889804281,5.099310669638953,6.214941151329585
test,5104,0.5,False,76.94990822840386,82.04921889804281,5.099310669638953,6.214941151329585
test,5107,1.0,False,82.18198499064844,88.23053093714745,6.048545946499004,6.855388811847671
test,5107,0.75,True,80.35164765835653,87.43881309893615,7.087165440579625,8.105285501257395
test,5107,0.5,True,78.74854567013827,85.95341252781272,7.204866857674446,8.382292972187816
test,5108,1.0,False,83.24666367501486,86.59752341166936,3.350859736654499,3.8694637036270687
test,5108,0.75,False,83.15730159375283,86.04432077007799,2.887019176325154,3.3552698777641097
test,5108,0.5,False,83.24666367501486,86.59752341166936,3.350859736654499,3.8694637036270687
test,5109,1.0,False,69.63906540381335,71.5991152234277,1.9600498196143548,2.7375335763548843
test,5109,0.75,False,66.6829662737131,69.83071247126358,3.1477461975504752,4.507681629119596
